<package version="0.0">
  <name>community.livecode.paulmcclernan.xygrid</name>
  <title>XYGridShell</title>
  <author>Paul McClernan</author>
  <version>0.1</version>
  <license>community</license>
  <type>widget</type>
  <requires name="com.livecode.canvas"/>
  <requires name="com.livecode.library.widgetutils"/>
  <requires name="com.livecode.widget"/>
  <requires name="com.livecode.list"/>
  <requires name="com.livecode.array"/>
  <requires name="com.livecode.typeconvert"/>
  <requires name="com.livecode.arithmetic"/>
  <requires name="com.livecode.binary"/>
  <requires name="com.livecode.string"/>
  <requires name="com.livecode.logic"/>
  <requires name="com.livecode.type"/>
  <requires name="com.livecode.engine"/>
  <metadata key="preferredSize">256,256</metadata>
  <property name="circleColor" get="string" set="string"/>
  <metadata key="circleColor.editor">com.livecode.pi.colorwithalpha</metadata>
  <metadata key="circleColor.section">Colors</metadata>
  <metadata key="circleColor.label">Point Marker fill</metadata>
  <handler name="getCircleColor" parameters="" return="string"/>
  <property name="strokesColor" get="string" set="string"/>
  <metadata key="strokesColor.editor">com.livecode.pi.colorwithalpha</metadata>
  <metadata key="strokesColor.section">Colors</metadata>
  <metadata key="strokesColor.label">Stokes Color</metadata>
  <handler name="setBorderColor" parameters="in string" return="nothing"/>
  <handler name="getBorderColor" parameters="" return="string"/>
  <property name="gridLines" get="optional any" set="string"/>
  <metadata key="gridLines.user_visible">false</metadata>
  <handler name="getGridLines" parameters="" return="optional any"/>
  <property name="borderWidth" get="number" set="number"/>
  <metadata key="borderWidth.editor">com.livecode.pi.number</metadata>
  <metadata key="borderWidth.label">Border width</metadata>
  <metadata key="borderWidth.step">0.1</metadata>
  <metadata key="borderWidth.default">0.1</metadata>
  <metadata key="borderWidth.min">0.1</metadata>
  <metadata key="borderWidth.max">25</metadata>
  <handler name="setBorderWidth" parameters="in number" return="nothing"/>
  <property name="maxXValue" get="number" set="number"/>
  <metadata key="maxXValue.editor">com.livecode.pi.number</metadata>
  <metadata key="maxXValue.default">64</metadata>
  <metadata key="maxXValue.min">0</metadata>
  <handler name="setMaxXValue" parameters="in number" return="nothing"/>
  <handler name="getMaxXValue" parameters="" return="number"/>
  <property name="maxYValue" get="number" set="number"/>
  <metadata key="maxYValue.editor">com.livecode.pi.number</metadata>
  <metadata key="maxYValue.default">24</metadata>
  <metadata key="maxYValue.min">0</metadata>
  <handler name="setMaxYValue" parameters="in number" return="nothing"/>
  <handler name="getMaxYValue" parameters="" return="number"/>
  <property name="circleSize" get="number" set="number"/>
  <metadata key="maxValue.editor">com.livecode.pi.number</metadata>
  <handler name="setCircleSize" parameters="in number" return="nothing"/>
  <property name="onlyMouseDownMoves" get="boolean" set="boolean"/>
  <metadata key="onlyMouseDownMoves.editor">com.livecode.pi.boolean</metadata>
  <metadata key="onlyMouseDownMoves.default">true</metadata>
  <property name="snapBackToZero" get="boolean" set="boolean"/>
  <metadata key="snapBackToZero.editor">com.livecode.pi.boolean</metadata>
  <metadata key="snapBackToZero.default">true</metadata>
  <property name="drawLineToLoc" get="boolean" set="boolean"/>
  <metadata key="drawLineToLoc.editor">com.livecode.pi.boolean</metadata>
  <metadata key="drawLineToLoc.default">true</metadata>
  <handler name="OnMouseUp" parameters="" return="any"/>
  <handler name="OnMouseDown" parameters="" return="any"/>
  <handler name="OnMouseMove" parameters="" return="any"/>
  <handler name="OnMouseCancel" parameters="" return="any"/>
  <handler name="OnMouseScroll" parameters="in any,in any" return="any"/>
  <handler name="OnSave" parameters="out array" return="any"/>
  <handler name="OnLoad" parameters="in array" return="any"/>
  <handler name="OnStopEditing" parameters="" return="any"/>
  <handler name="OnCreate" parameters="" return="any"/>
  <handler name="OnGeometryChanged" parameters="" return="any"/>
  <handler name="OnPaint" parameters="" return="any"/>
  <handler name="OnOpen" parameters="" return="any"/>
  <handler name="setLocalGridCoordsFromLoc" parameters="in Point,in boolean,in boolean" return="nothing"/>
  <handler name="getRectListSplitHorz" parameters="in any,in integer,in boolean" return="list"/>
  <handler name="getRectListSplitVert" parameters="in any,in integer,in boolean" return="list"/>
</package>